<?xml version='1.0' encoding='UTF-8' ?>
<timeLogEntries>
  <time id="3" path="/U1L2_Jhonatan Alexis Arenas Bonilla/PSP1/Planning" start="@1502471528074" delta="36" comment="Recolecta de la informacion con respecto a las aves" />
  <time id="4" path="/U1L2_Jhonatan Alexis Arenas Bonilla/PSP1/Planning" start="@1502478871078" delta="31" comment="Organización de la información de los dos enunciados con respecto a las aves y recolecta de la informacion con respecto a la funcionalidad" />
  <time id="5" path="/U1L2_Jhonatan Alexis Arenas Bonilla/PSP1/Planning" start="@1502505796498" delta="20" comment="Organización de la información con respecto a las funcionalidades" />
  <time id="6" path="/U1L2_Jhonatan Alexis Arenas Bonilla/PSP1/Design" start="@1502507632753" delta="138" interrupt="14" comment="Diagrama de herencia corregida a las especificaciones mencionadas en el enunciado del laboratorio 2. Primer requerimiento funcional en diagrama." />
  <time id="7" path="/U1L2_Jhonatan Alexis Arenas Bonilla/PSP1/Design" start="@1502537223146" delta="79" interrupt="8" comment="Implementación de los requerimientos funcionales al diagrama de clase" />
  <time id="8" path="/U1L2_Jhonatan Alexis Arenas Bonilla/PSP1/Code" start="@1502553622889" delta="13" interrupt="3" comment="Clases del paquete de aves." />
  <time id="9" path="/U1L2_Jhonatan Alexis Arenas Bonilla/PSP1/Code" start="@1502555413235" delta="62" interrupt="9" comment="Clases del paquete de aves." />
  <time id="10" path="/U1L2_Jhonatan Alexis Arenas Bonilla/PSP1/Code" start="@1502560804975" delta="50" interrupt="1" comment="Clases del paquete de aves." />
  <time id="11" path="/U1L2_Jhonatan Alexis Arenas Bonilla/PSP1/Code" start="@1502565155230" delta="88" />
  <time id="12" path="/U1L2_Jhonatan Alexis Arenas Bonilla/PSP1/Code" start="@1502573949803" delta="24" />
  <time id="13" path="/U1L3_Jhonatan Alexis Arenas Bonilla/PSP1/Planning" start="@1503161040799" delta="7" />
  <time id="14" path="/U1L3_Jhonatan Alexis Arenas Bonilla/PSP1/Planning" start="@1503162064127" delta="8" />
  <time id="15" path="/U1L3_Jhonatan Alexis Arenas Bonilla/PSP1/Planning" start="@1503163199272" delta="34" />
  <time id="16" path="/U1L3_Jhonatan Alexis Arenas Bonilla/PSP1/Planning" start="@1503165364616" delta="31" />
  <time id="17" path="/U1L3_Jhonatan Alexis Arenas Bonilla/PSP1/Planning" start="@1503168198446" delta="2" />
  <time id="18" path="/U1L3_Jhonatan Alexis Arenas Bonilla/PSP1/Design" start="@1503168295582" delta="34" />
  <time id="19" path="/U1L3_Jhonatan Alexis Arenas Bonilla/PSP1/Code" start="@1503205552762" delta="76" />
  <time id="20" path="/U1L3_Jhonatan Alexis Arenas Bonilla/PSP1/Code" start="@1503211625759" delta="82" />
  <time id="21" path="/U2L1_Jhonatan Alexis Arenas Bonilla/PSP1/Planning" start="@1503583953636" delta="21" />
  <time id="22" path="/U2L1_Jhonatan Alexis Arenas Bonilla/PSP1/Planning" start="@1503585590540" delta="29" />
  <time id="23" path="/U2L1_Jhonatan Alexis Arenas Bonilla/PSP1/Design" start="@1503611102712" delta="6" interrupt="11" />
  <time id="24" path="/U2L1_Jhonatan Alexis Arenas Bonilla/PSP1/Planning" start="@1503626612838" delta="35" />
  <time id="25" path="/U2L1_Jhonatan Alexis Arenas Bonilla/PSP1/Design" start="@1503628715762" delta="13" />
  <time id="26" path="/U2L1_Jhonatan Alexis Arenas Bonilla/PSP1/Design" start="@1503677310444" delta="14" />
  <time id="27" path="/U2L1_Jhonatan Alexis Arenas Bonilla/PSP1/Design" start="@1503678939452" delta="15" />
  <time id="28" path="/U2L1_Jhonatan Alexis Arenas Bonilla/PSP1/Code" start="@1503679811250" delta="23" />
  <time id="29" path="/U2L1_Jhonatan Alexis Arenas Bonilla/PSP1/Code" start="@1503692484122" delta="86" />
  <time id="31" path="/U2L1_Jhonatan Alexis Arenas Bonilla/PSP1/Code" start="@1503695444590" delta="23" />
  <time id="32" path="/U2L1_Jhonatan Alexis Arenas Bonilla/PSP1/Code" start="@1503703462962" delta="44" />
  <time id="33" path="/U2L1_Jhonatan Alexis Arenas Bonilla/PSP1/Design" start="@1503769419327" delta="4" interrupt="2" />
  <time id="34" path="/U2L1_Jhonatan Alexis Arenas Bonilla/PSP1/Planning" start="@1503769768684" delta="9" />
  <time id="35" path="/U2L1_Jhonatan Alexis Arenas Bonilla/PSP1/Planning" start="@1503771334743" delta="2" />
  <time id="36" path="/U2L1_Jhonatan Alexis Arenas Bonilla/PSP1/Design" start="@1503772402994" delta="57" />
  <time id="37" path="/U2L1_Jhonatan Alexis Arenas Bonilla/PSP1/Design" start="@1503779440959" delta="25" interrupt="3" />
  <time id="38" path="/U2L1_Jhonatan Alexis Arenas Bonilla/PSP1/Design" start="@1503782663828" delta="7" />
  <time id="39" path="/U2L1_Jhonatan Alexis Arenas Bonilla/PSP1/Code" start="@1503798678586" delta="3" interrupt="3" />
  <time id="40" path="/U2L1_Jhonatan Alexis Arenas Bonilla/PSP1/Code" start="@1503799820548" delta="69" interrupt="2" />
  <time id="41" path="/U2L1_Jhonatan Alexis Arenas Bonilla/PSP1/Code" start="@1503806741604" delta="20" />
  <time id="42" path="/U2L1_Jhonatan Alexis Arenas Bonilla/PSP1/Code" start="@1503809228377" delta="223" interrupt="31" />
  <time id="43" path="/U2L1_Jhonatan Alexis Arenas Bonilla/PSP1/Code" start="@1503867241365" delta="13" />
  <time id="44" path="/U2L2_Jhonatan Alexis Arenas Bonilla/PSP1/Planning" start="@1504188335830" delta="9" />
  <time id="45" path="/U2L2_Jhonatan Alexis Arenas Bonilla/PSP1/Planning" start="@1504189602833" delta="54" />
  <time id="46" path="/U2L2_Jhonatan Alexis Arenas Bonilla/PSP1/Planning" start="@1504205200126" delta="15" interrupt="3" />
  <time id="47" path="/U2L2_Jhonatan Alexis Arenas Bonilla/PSP1/Planning" start="@1504284585321" delta="42" interrupt="6" />
  <time id="48" path="/U2L2_Jhonatan Alexis Arenas Bonilla/PSP1/Planning" start="@1504311091122" delta="14" />
  <time id="49" path="/U2L2_Jhonatan Alexis Arenas Bonilla/PSP1/Planning" start="@1504313345979" delta="2" />
  <time id="50" path="/U2L2_Jhonatan Alexis Arenas Bonilla/PSP1/Planning" start="@1504317905963" delta="3" />
  <time id="51" path="/U2L2_Jhonatan Alexis Arenas Bonilla/PSP1/Design" start="@1504318094721" delta="95" interrupt="133" />
  <time id="52" path="/U2L2_Jhonatan Alexis Arenas Bonilla/PSP1/Design" start="@1504367625038" delta="68" interrupt="8" />
  <time id="53" path="/U2L2_Jhonatan Alexis Arenas Bonilla/PSP1/Design" start="@1504373022117" delta="15" />
  <time id="54" path="/U2L2_Jhonatan Alexis Arenas Bonilla/PSP1/Design" start="@1504374686414" delta="28" interrupt="5" />
  <time id="55" path="/U2L2_Jhonatan Alexis Arenas Bonilla/PSP1/Code" start="@1504418652084" delta="8" />
  <time id="56" path="/U2L2_Jhonatan Alexis Arenas Bonilla/PSP1/Code" start="@1504421544687" delta="7" />
  <time id="57" path="/U2L2_Jhonatan Alexis Arenas Bonilla/PSP1/Code" start="@1504422230281" delta="9" />
  <time id="58" path="/U2L2_Jhonatan Alexis Arenas Bonilla/PSP1/Code" start="@1504456637596" delta="313" interrupt="35" />
  <time id="59" path="/Practico/PSP1/Planning" start="@1504647909040" delta="78" interrupt="1" />
  <time id="60" path="/U3L1_Jhonatan Alexis Arenas Bonilla/PSP1/Planning" start="@1505360354723" delta="4" />
  <time id="61" path="/U3L1_Jhonatan Alexis Arenas Bonilla/PSP1/Planning" start="@1505362908847" delta="13" />
  <time id="62" path="/U3L1_Jhonatan Alexis Arenas Bonilla/PSP1/Code" start="@1505363708178" delta="52" />
  <time id="63" path="/U3L1_Jhonatan Alexis Arenas Bonilla/PSP1/Code" start="@1505387737691" delta="50" />
  <time id="64" path="/U3L1_Jhonatan Alexis Arenas Bonilla/PSP1/Code" start="@1505398905186" delta="50" />
  <time id="65" path="/U3L1_Jhonatan Alexis Arenas Bonilla/PSP1/Code" start="@1505404513291" delta="55" />
  <time id="66" path="/U3L1_Jhonatan Alexis Arenas Bonilla/PSP1/Code" start="@1505443740966" delta="121" />
  <time id="67" path="/U3L1_Jhonatan Alexis Arenas Bonilla/PSP1/Code" start="@1505476659979" delta="20" />
  <time id="68" path="/U3L1_Jhonatan Alexis Arenas Bonilla/PSP1/Code" start="@1505493498537" delta="213" interrupt="2" />
  <time id="69" path="/U3L1_Jhonatan Alexis Arenas Bonilla/PSP1/Code" start="@1505680076202" delta="99" />
  <time id="70" path="/U3L2_Jhonatan Alexis Arenas Bonilla/PSP1/Planning" start="@1506003187581" delta="108" />
  <time id="71" path="/U3L2_Jhonatan Alexis Arenas Bonilla/PSP1/Planning" start="@1506097825810" delta="1" />
  <time id="72" path="/U3L2_Jhonatan Alexis Arenas Bonilla/PSP1/Code" start="@1506185533945" delta="20" />
  <time id="73" path="/U4_L1_Jhonatan Alexis Arenas Bonilla/PSP1/Planning" start="@1506785560027" delta="4" />
  <time id="74" path="/U4_L1_Jhonatan Alexis Arenas Bonilla/PSP1/Planning" start="@1506786756795" delta="33" interrupt="3" />
  <time id="75" path="/U4_L1_Jhonatan Alexis Arenas Bonilla/PSP1/Design" start="@1506788968495" delta="85" interrupt="16" comment="Tiempo empleado para hacer el diagrama del mundo" />
  <time id="76" path="/U4_L1_Jhonatan Alexis Arenas Bonilla/PSP1/Design" start="@1506795783715" delta="45" interrupt="3" comment="Tiempo empleado para hacer el diagrama de la interfaz" />
  <time id="77" path="/U4_L1_Jhonatan Alexis Arenas Bonilla/PSP1/Design" start="@1506826092137" delta="26" comment="Tiempo empleado en acabar el diagrama de la interfaz y luego del minuto 20 terminar la representacion de los dos paquetes" />
  <time id="79" path="/U4_L1_Jhonatan Alexis Arenas Bonilla/PSP1/Design" start="@1506828170730" delta="4" comment="Tiempo empleado en diseñar pruebas" />
  <time id="80" path="/U4_L1_Jhonatan Alexis Arenas Bonilla/PSP1/Design" start="@1506830785587" delta="13" />
  <time id="81" path="/U4_L1_Jhonatan Alexis Arenas Bonilla/PSP1/Code" start="@1506832188532" delta="42" interrupt="4" />
  <time id="82" path="/U4_L1_Jhonatan Alexis Arenas Bonilla/PSP1/Code" start="@1506838731210" delta="40" />
  <time id="83" path="/U4_L1_Jhonatan Alexis Arenas Bonilla/PSP1/Code" start="@1506875344102" delta="126" interrupt="10" />
  <time id="84" path="/U4_L1_Jhonatan Alexis Arenas Bonilla/PSP1/Code" start="@1506907355983" delta="31" />
  <time id="85" path="/U4_L1_Jhonatan Alexis Arenas Bonilla/PSP1/Test" start="@1506909238451" delta="42" />
  <time id="86" path="/U4_L2_Jhonatan Alexis Arenas Bonilla/PSP1/Planning" start="@1507211771476" delta="21" />
  <time id="87" path="/U4_L2_Jhonatan Alexis Arenas Bonilla/PSP1/Planning" start="@1507213731530" delta="1" />
  <time id="88" path="/U4_L2_Jhonatan Alexis Arenas Bonilla/PSP1/Planning" start="@1507215260241" delta="10" />
  <time id="89" path="/U4_L2_Jhonatan Alexis Arenas Bonilla/PSP1/Planning" start="@1507215898160" delta="49" interrupt="6" />
  <time id="90" path="/U4_L2_Jhonatan Alexis Arenas Bonilla/PSP1/Design" start="@1507328756184" delta="63" />
  <time id="91" path="/U4_L2_Jhonatan Alexis Arenas Bonilla/PSP1/Design" start="@1507341259877" delta="7" />
  <time id="92" path="/U4_L2_Jhonatan Alexis Arenas Bonilla/PSP1/Design" start="@1507342537167" delta="66" interrupt="12" />
  <time id="93" path="/U4_L2_Jhonatan Alexis Arenas Bonilla/PSP1/Design" start="@1507348131040" delta="33" />
  <time id="94" path="/U4_L2_Jhonatan Alexis Arenas Bonilla/PSP1/Design" start="@1507351122896" delta="20" />
  <time id="95" path="/U4_L2_Jhonatan Alexis Arenas Bonilla/PSP1/Code" start="@1507383665099" delta="4" />
  <time id="96" path="/U4_L2_Jhonatan Alexis Arenas Bonilla/PSP1/Code" start="@1507387828900" delta="117" />
  <time id="97" path="/U4_L2_Jhonatan Alexis Arenas Bonilla/PSP1/Test" start="@1507395573418" delta="9" />
  <time id="98" path="/U4_L2_Jhonatan Alexis Arenas Bonilla/PSP1/Test" start="@1507397523735" delta="4" />
  <time id="99" path="/U4_L2_Jhonatan Alexis Arenas Bonilla/PSP1/Test" start="@1507406657763" delta="36" interrupt="5" />
  <time id="101" path="/Proyecto final Apo 2/PSP1/Planning" start="@1508345301000" delta="94" comment="Planeacion de los componentes que debe tener la jugabilidad y sacar los datos para representar la historia, cosas como los escenarios y los personajes." />
  <time id="102" path="/U5_L1_Jhonatan Alexis Arenas Bonilla/PSP1/Planning" start="@1508444412442" delta="15" />
  <time id="103" path="/U5_L1_Jhonatan Alexis Arenas Bonilla/PSP1/Planning" start="@1508450716510" delta="36" interrupt="8" />
  <time id="104" path="/U5_L1_Jhonatan Alexis Arenas Bonilla/PSP1/Code" start="@1508453412451" delta="45" />
  <time id="105" path="/U5_L1_Jhonatan Alexis Arenas Bonilla/PSP1/Code" start="@1508516024270" delta="19" />
  <time id="106" path="/U5_L1_Jhonatan Alexis Arenas Bonilla/PSP1/Code" start="@1508598742311" delta="1" />
  <time id="107" path="/U5_L1_Jhonatan Alexis Arenas Bonilla/PSP1/Code" start="@1508599904045" delta="35" />
  <time id="111" path="/minas/PSP1/Planning" start="@1508789835207" delta="180" interrupt="22" />
  <time id="112" path="/minas/PSP1/Planning" start="@1508860166725" delta="42" />
  <time id="113" path="/minas/PSP1/Planning" start="@1508981439075" delta="30" />
  <time id="114" path="/minas/PSP1/Planning" start="@1508984889647" delta="23" />
  <time id="115" path="/minas/PSP1/Planning" start="@1508987084935" delta="68" />
  <time id="116" path="/minas/PSP1/Planning" start="@1508992223295" delta="24" />
  <time id="117" path="/minas/PSP1/Planning" start="@1509028001838" delta="35" interrupt="3" />
  <time id="118" path="/minas/PSP1/Planning" start="@1509030987745" delta="12" />
  <time id="119" path="/minas/PSP1/Planning" start="@1509033404660" delta="26" />
  <time id="120" path="/minas/PSP1/Planning" start="@1509059142143" delta="39" />
  <time id="121" path="/minas/PSP1/Planning" start="@1509062093442" delta="12" />
  <time id="122" path="/minas/PSP1/Planning" start="@1509063843770" delta="20" interrupt="2" />
  <time id="123" path="/minas/PSP1/Planning" start="@1509066813043" delta="19" />
  <time id="124" path="/minas/PSP1/Planning" start="@1509071334413" delta="14" />
  <time id="125" path="/minas/PSP1/Planning" start="@1509076145582" delta="25" />
  <time id="126" path="/minas/PSP1/Planning" start="@1509123904090" delta="1" />
  <time id="127" path="/minas/PSP1/Design" start="@1509124032161" delta="17" />
  <time id="128" path="/U5_L2_Jhonatan Alexis Arenas Bonilla/PSP1/Planning" start="@1509134075000" delta="20" />
  <time id="129" path="/U5_L2_Jhonatan Alexis Arenas Bonilla/PSP1/Code" start="@1509141303000" delta="240" />
  <time id="130" path="/U5_L2_Jhonatan Alexis Arenas Bonilla/PSP1/Code" start="@1509213365000" delta="120" />
  <time id="131" path="/U5_L2_Jhonatan Alexis Arenas Bonilla/PSP1/Design" start="@1509555887083" delta="4" interrupt="4" />
  <time id="134" path="/Proyecto Parte 1: Datos/PSP1/Planning" start="@1509569840419" delta="46" comment="Planeacion de la parte de registro de los objetos comerciables" />
  <time id="136" path="/Proyecto Parte 1: Datos/PSP1/Design" start="@1509574196377" delta="59" />
  <time id="137" path="/Proyecto Parte 1: Datos/PSP1/Design" start="@1509594803955" delta="85" />
  <time id="138" path="/U6_L1_jhonatan Alexis Arenas Bonilla/PSP1/Planning" start="@1509633104233" delta="29" />
  <time id="139" path="/U6_L1_jhonatan Alexis Arenas Bonilla/PSP1/Planning" start="@1509634864640" delta="6" />
  <time id="140" path="/U6_L1_jhonatan Alexis Arenas Bonilla/PSP1/Code" start="@1509666509454" delta="17" />
  <time id="141" path="/U6_L1_jhonatan Alexis Arenas Bonilla/PSP1/Code" start="@1509672004104" delta="173" />
  <time id="142" path="/Proyecto Parte 1: Datos/PSP1/Design" start="@1509836855134" delta="44" comment="Inicio diagrama de la primera fase" />
  <time id="143" path="/Proyecto Parte 1: Datos/PSP1/Design" start="@1509840478002" delta="16" interrupt="13" />
  <time id="144" path="/Proyecto Parte 1: Datos/PSP1/Design" start="@1510090616910" delta="52" />
  <time id="145" path="/Proyecto Parte 1: Datos/PSP1/Design" start="@1510094910776" delta="12" />
  <time id="146" path="/Proyecto Parte 1: Datos/PSP1/Design" start="@1510096048306" delta="104" interrupt="10" />
  <time id="147" path="/Proyecto Parte 1: Datos/PSP1/Design" start="@1510104197232" delta="139" interrupt="5" comment="Fin diagrama de la primera fase" />
  <time id="148" path="/Proyecto Parte 1: Datos/PSP1/Code" start="@1510166367622" delta="23" />
  <time id="149" path="/Proyecto Parte 1: Datos/PSP1/Code" start="@1510184465347" delta="11" />
  <time id="150" path="/Proyecto Parte 1: Datos/PSP1/Code" start="@1510187810210" delta="35" />
  <time id="151" path="/U6_L2_Jhonatan Alexis Arenas Bonilla/PSP1/Planning" start="@1510331233127" delta="1" />
  <time id="152" path="/U6_L2_Jhonatan Alexis Arenas Bonilla/PSP1/Code" start="@1510331993029" delta="77" />
  <time id="153" path="/U6_L2_Jhonatan Alexis Arenas Bonilla/PSP1/Planning" start="@1510427837042" delta="25" />
  <time id="154" path="/U6_L2_Jhonatan Alexis Arenas Bonilla/PSP1/Design" start="@1510429336826" delta="33" />
  <time id="155" path="/U6_L2_Jhonatan Alexis Arenas Bonilla/PSP1/Code" start="@1510431325917" delta="149" />
  <time id="158" path="/Ookami Kodomo no Ame/PSP1/Design" start="@1510648569753" delta="13" />
  <time id="159" path="/Ookami Kodomo no Ame/PSP1/Code" start="@1510649342418" delta="155" />
  <time id="160" path="/Ookami Kodomo no Ame/PSP1/Planning" start="@1510695133481" delta="92" interrupt="1" comment="Planeacion del seguimiento del progreso del proyecto" />
  <time id="162" path="/Ookami Kodomo no Ame/PSP1/Planning" start="@1510703293154" delta="36" interrupt="3" />
  <time id="163" path="/Ookami Kodomo no Ame/PSP1/Planning" start="@1510779452203" delta="26" />
  <time id="164" path="/Ookami Kodomo no Ame/PSP1/Code" start="@1510831936793" delta="15" />
  <time id="165" path="/Ookami Kodomo no Ame/PSP1/Code" start="@1510834662738" delta="17" />
  <time id="166" path="/Ookami Kodomo no Ame/PSP1/Planning" start="@1510835698720" delta="110" />
</timeLogEntries>
