<?xml version='1.0' encoding='UTF-8' ?>
<timeLogEntries>
  <time path="/new&#10;/ProyectoFinal" flag="R" />
  <time id="167" path="/ProyectoFinal/PSP1/Planning" start="@1511130673000" delta="275" flag="A" />
  <time id="168" path="/ProyectoFinal/PSP1/Planning" start="@1511170856000" delta="397" flag="A" />
  <time id="169" path="/ProyectoFinal/PSP1/Planning" start="@1511199188000" delta="45" flag="A" />
  <time id="170" path="/ProyectoFinal/PSP1/Planning" start="@1511042392000" delta="594" flag="A" />
  <time id="171" path="/ProyectoFinal/PSP1/Design" start="@1511206845000" delta="370" comment="Sacado de animaciones y creando la plantilla de seguimiento" flag="A" />
  <time id="172" path="/ProyectoFinal/PSP1/Design" start="@1511271359000" delta="360" comment="Sacando animaciones finalizado" flag="A" />
  <time id="173" flag="D" />
  <time id="174" path="/ProyectoFinal/PSP1/Code" start="@1511296654000" delta="780" comment="Implementando todo" flag="A" />
  <time id="175" path="/ProyectoFinal/PSP1/Code" start="@1511386696000" delta="320" comment="Finalizado" flag="A" />
  <time id="176" path="/ProyectoFinal/PSP1/Postmortem" start="@1511406353194" delta="31" flag="A" />
</timeLogEntries>
