<?xml version='1.0' encoding='UTF-8' ?>
<timeLogEntries>
  <time id="30" comment="Inicio del proyecto" flag="M" />
  <time id="31" comment="Avance:8%" flag="M" />
  <time id="32" comment="Acumulado:9%" flag="M" />
  <time id="33" comment="Acumulado:13%" flag="M" />
  <time id="34" comment="Acumulado:23%" flag="M" />
  <time id="35" comment="Acumulado:28%" flag="M" />
  <time id="36" comment="Acumulado:30%" flag="M" />
  <time id="37" comment="Acumulado:38%" flag="M" />
  <time id="38" comment="Acumulado:39%" flag="M" />
  <time id="39" comment="Acumulado:43%" flag="M" />
  <time id="40" comment="Acumulado:44%" flag="M" />
  <time id="41" comment="Acumulado:46%" flag="M" />
  <time id="42" comment="Acumulado:52%" flag="M" />
  <time id="43" comment="Acumulado:63%" flag="M" />
  <time id="44" comment="Acumulado:66%" flag="M" />
  <time id="45" comment="Acumulado:69%" flag="M" />
  <time id="46" comment="Acumulado:73%" flag="M" />
  <time id="47" comment="Acumulado:80%" flag="M" />
</timeLogEntries>
