<?xml version='1.0' encoding='UTF-8' ?>
<timeLogEntries>
  <time id="1" path="/Laboratorios_Bryan_Grueso/U2_LAB1/Planning" start="@1503721040000" delta="49" />
  <time id="2" path="/Laboratorios_Bryan_Grueso/U2_LAB1/Design" start="@1503687794000" delta="63" />
  <time id="3" path="/Laboratorios_Bryan_Grueso/U2_LAB1/Code" start="@1503775797000" delta="151" />
  <time id="4" path="/Laboratorios_Bryan_Grueso/U2_LAB1/Code" start="@1503795564000" delta="131" />
  <time id="5" path="/Laboratorios_Bryan_Grueso/U2_LAB1/Code" start="@1503856386000" delta="337" />
  <time id="6" path="/Laboratorios_Bryan_Grueso/U3_LAB1/Planning" start="@1505536372000" delta="36" />
  <time id="8" path="/Laboratorios_Bryan_Grueso/U3_LAB1/Design" start="@1505590431000" delta="52" />
  <time id="10" path="/Laboratorios_Bryan_Grueso/U3_LAB1/Code" start="@1505671966000" delta="137" />
  <time id="11" path="/Laboratorios_Bryan_Grueso/U3_LAB2/Planning" start="@1505995596000" delta="47" />
  <time id="12" path="/Laboratorios_Bryan_Grueso/U3_LAB2/Design" start="@1506096453000" delta="48" />
  <time id="13" path="/Laboratorios_Bryan_Grueso/U3_LAB2/Code" start="@1506172165000" delta="331" />
  <time id="14" path="/Laboratorios_Bryan_Grueso/U5_LAB1/Planning" start="@1508509396000" delta="38" />
  <time id="16" path="/Laboratorios_Bryan_Grueso/U5_LAB1/Design" start="@1508624669000" delta="50" />
  <time id="17" path="/Laboratorios_Bryan_Grueso/U5_LAB1/Code" start="@1508627704000" delta="168" />
  <time id="18" path="/Laboratorios_Bryan_Grueso/U5_LAB1/Code" start="@1508703938000" delta="122" />
  <time id="19" path="/Laboratorios_Bryan_Grueso/U5_Lab2/Planning" start="@1509138320000" delta="47" />
  <time id="20" path="/Laboratorios_Bryan_Grueso/U5_Lab2/Design" start="@1509145249000" delta="80" />
  <time id="21" path="/Laboratorios_Bryan_Grueso/U5_Lab2/Code" start="@1509151711000" delta="200" />
  <time id="22" path="/Laboratorios_Bryan_Grueso/U5_Lab2/Code" start="@1509214025000" delta="167" />
  <time id="23" path="/Laboratorios_Bryan_Grueso/U6_Lab1/Planning" start="@1509716166000" delta="20" />
  <time id="24" path="/Laboratorios_Bryan_Grueso/U6_Lab1/Design" start="@1509631036000" delta="68" />
  <time id="25" path="/Laboratorios_Bryan_Grueso/U6_Lab1/Code" start="@1509727089000" delta="120" />
  <time id="26" path="/Laboratorios_Bryan_Grueso/U6_Lab1/Code" start="@1509802716000" delta="157" />
  <time id="27" path="/Laboratorios_Bryan_Grueso/U6_Lab1/Code" start="@1509903548000" delta="279" />
  <time id="28" path="/Laboratorios_Bryan_Grueso/Proyecto_Final/Planning" start="@1510175378000" delta="68" />
  <time id="29" path="/Laboratorios_Bryan_Grueso/Proyecto_Final/Design" start="@1510233043000" delta="162" />
  <time id="30" path="/Laboratorios_Bryan_Grueso/Proyecto_Final/Code" start="@1510229501000" delta="114" comment="" />
  <time id="31" path="/Laboratorios_Bryan_Grueso/Proyecto_Final/Code" start="@1510254042000" delta="165" />
  <time id="32" path="/Laboratorios_Bryan_Grueso/Proyecto_Final/Code" start="@1510330242000" delta="44" />
  <time id="33" path="/Laboratorios_Bryan_Grueso/Proyecto_Final/Code" start="@1510340442000" delta="157" />
  <time id="34" path="/Laboratorios_Bryan_Grueso/Proyecto_Final/Code" start="@1510405663000" delta="495" />
  <time id="35" path="/Laboratorios_Bryan_Grueso/Proyecto_Final/Code" start="@1510492303000" delta="399" />
  <time id="36" path="/Laboratorios_Bryan_Grueso/Proyecto_Final/Code" start="@1510661503000" delta="85" />
  <time id="37" path="/Laboratorios_Bryan_Grueso/Proyecto_Final/Code" start="@1510686044000" delta="153" />
  <time id="38" path="/Laboratorios_Bryan_Grueso/Proyecto_Final/Code" start="@1510751504000" delta="38" />
  <time id="39" path="/Laboratorios_Bryan_Grueso/Proyecto_Final/Code" start="@1510839044000" delta="177" />
  <time id="40" path="/Laboratorios_Bryan_Grueso/Proyecto_Final/Code" start="@1510946309000" delta="151" />
  <time id="41" path="/Laboratorios_Bryan_Grueso/Proyecto_Final/Code" start="@1511011110000" delta="265" />
  <time id="42" path="/Laboratorios_Bryan_Grueso/Proyecto_Final/Code" start="@1511032711000" delta="368" />
  <time id="43" path="/Laboratorios_Bryan_Grueso/Proyecto_Final/Code" start="@1511101210000" delta="568" />
  <time id="44" path="/Laboratorios_Bryan_Grueso/Proyecto_Final/Code" start="@1511184094000" delta="240" />
  <time id="45" path="/Laboratorios_Bryan_Grueso/Proyecto_Final/Code" start="@1511270495000" delta="401" />
  <time id="46" path="/Laboratorios_Bryan_Grueso/Proyecto_Final/Code" start="@1511306495000" delta="228" />
  <time id="47" path="/Laboratorios_Bryan_Grueso/Proyecto_Final/Code" start="@1511367695000" delta="247" />
</timeLogEntries>
